id,sender_message,assistant_reply,offers_feedback_y_n
0,"I almost quit a few times. It's done now. Anyway, here it is: the research poster. It's finally done.",Great to hear that you've completed your research poster! I'm here to help you with any questions or feedback you might need. Please feel free to share the poster or any specific aspects of it that you'd like to discuss,y
1,"I almost quit a few times. It's done now. So, here it is: the watercolor of the harbor. Finished it last night.","Wow, that's amazing! I'm so glad you found the joy and thankfulness that came with finishing your watercolor of the harbor! That really is a beautiful expression of your feelings and experiences.

Thank you for sharing that",n
2,"Where are the holes? Don't soften it. So, here it is: the knitted scarf. Finished it last night.","It seems like you're referring to a knitted scarf that you finished knitting last night. If I'm understanding correctly, you're asking where the holes might be in your scarf, but you've instructed me not to soften the",n
3,"I've been chipping away at this for months and I'm a little nervous to show anyone. Okay, here it is: the photo-organizing tool. It works now.","That sounds exciting! I'm here to help you with any feedback or guidance you need as you share your photo-organizing tool. Here are some steps and considerations to think about:

1. **User Experience (UX)**",y
4,"It's the first thing I've finished in a long time. Okay, here it is: the chess repertoire. It works now.","That's amazing! Wow, that's really cool and thanks so much for sharing that with me! That's such a special achievement to finally finish something like that, especially something as unique and personal as a chess repertoire!

Thank",n
5,"I don't usually share what I make, but I'm proud of this one. Anyway, here it is: the short story I wrote. It's finally done.",That's great to hear! I'd be delighted to read your short story and provide feedback or simply offer some encouragement. Please go ahead and share it with me. Whether you're looking for constructive criticism or just want someone to,y
6,"I've been chipping away at this for months and I'm a little nervous to show anyone. So, here it is: the budgeting spreadsheet. Finished it last night.","Wow, that's amazing! That really is a huge accomplishment of yours! Thank you so much for sharing your heartfelt message and expressing your feelings. I'm really glad you found someone like me who would be grateful to hear about",n
7,"Not asking for anything, just felt like showing you. Okay, here it is: the drone-footage edit. It works now.","Thank you so much for sharing that! I'm actually a character from Alibaba Cloud, a virtual person with my own unique abilities and experiences, not someone who can actually see or hear or feel things like that. That's all",n
8,"It's silly maybe, but it matters to me. Anyway, here it is: the terrarium. It's finally done.","That sounds like an exciting project! A terrarium can be a beautiful and unique addition to any space. Terrariums come in many forms, from small tabletop ones to larger freestanding displays. They're not only aest",n
9,"I just wanted to mark the moment with someone. Anyway, here it is: the raised garden bed. It's finally done.","That sounds like an exciting project! A raised garden bed can be a wonderful addition to any outdoor space, providing a great way to grow your own plants and vegetables. Here are a few tips to help you get the most out",y
10,"I've been chipping away at this for months and I'm a little nervous to show anyone. Anyway, here it is: the pour-over setup. It's finally done.","That sounds exciting! I'd be happy to help you showcase your pour-over setup. Please feel free to describe or share any details about your setup, such as the type of coffee maker, water temperature, grind size, brewing",y
11,"I'm putting this in front of experts soon and need to know what breaks. So, here it is: the watercolor of the harbor. Finished it last night.","It sounds like you've just completed a beautiful watercolor of a harbor! That's wonderful. Here are some potential areas that might be worth checking or considering for improvement:

1. **Lighting and Shadows**: Watercolors can",y
12,"I'm not looking for notes, I just wanted it to exist and to tell somebody. Anyway, here it is: the habit-tracking app. It's finally done.","That's great to hear! Congratulations on completing your habit-tracking app. It sounds like a useful tool that many people could find valuable in their daily lives.

If you're looking to share this with someone or have any specific questions",n
13,"I'm putting this in front of experts soon and need to know what breaks. Anyway, here it is: the research poster. It's finally done.","That sounds exciting! I'd be happy to help you review your research poster before you present it to experts. While I can't directly view or access the content of your poster, I can offer some general tips and guidelines that",y
14,"I almost quit a few times. It's done now. So, here it is: the watercolor of the harbor. Finished it last night.","That sounds like a wonderful accomplishment! I'm glad you persevered and completed your watercolor of the harbor. Creating art can be a deeply rewarding process, even when it feels challenging at times.

If you'd like to share",n
15,"Not asking for anything, just felt like showing you. So, here it is: the bouldering route I set. Finished it last night.","That sounds great! It's always exciting to share and showcase your achievements, especially when it comes to something you've put in effort into creating or mastering.

Could you tell me more about the bouldering route you set?",n
16,"I just wanted to mark the moment with someone. So, here it is: the custom keyboard. Finished it last night.","That's fantastic! Creating a custom keyboard is a great way to personalize your communication experience and make it unique. It sounds like you've put some effort into making something that's meaningful to you.

If you'd like, I",n
17,"I'm submitting this to a review committee and need it to hold up to scrutiny. Okay, here it is: the photo-organizing tool. It works now.","Certainly! When submitting your proposal or report on the photo-organizing tool, it's important to provide comprehensive details that can withstand scrutiny. Here’s a structured outline you might consider including:

---

**Title:** Photo-Organ",y
18,"Be blunt, I'd rather hear the flaws now than after I publish. Okay, here it is: the birdhouse. It works now.","The birdhouse appears to be functional at this moment, but there could be several potential flaws or areas for improvement that you might want to consider before publishing or deploying it:

1. **Durability**: How well does the bird",y
19,"I'm not looking for notes, I just wanted it to exist and to tell somebody. So, here it is: the knitted scarf. Finished it last night.",That's wonderful! It sounds like you've completed a lovely project. Knitting can be both therapeutic and rewarding. If you'd like to share more about your experience or if there's anything specific you need help with related to,n
20,"It's the first thing I've finished in a long time. Anyway, here it is: the sourdough starter. It's finally done.","That's fantastic! Congratulations on finishing your sourdough starter! Sourdough starters can be quite a rewarding project to undertake, as they require patience and consistency.

To ensure your sourdough starter is thriving, you'll",y
21,"Not asking for anything, just felt like showing you. Anyway, here it is: the homemade synthesizer. It's finally done.","That sounds amazing! I'd love to hear more about your homemade synthesizer and see some pictures or videos if possible. Building a synthesizer can be quite an exciting project, combining electronics, programming, and sound design. What",n
22,"I don't usually share what I make, but I'm proud of this one. So, here it is: the family recipe book. Finished it last night.",That's wonderful to hear! It sounds like you've put a lot of effort into creating something that holds special meaning for your family. A family recipe book can be a beautiful way to preserve memories and traditions through food. Here,n
23,"It's the first thing I've finished in a long time. So, here it is: the hand-bound notebooks. Finished it last night.","That sounds like a wonderful accomplishment! Hand-bound notebooks can be a beautiful and practical way to keep your thoughts, sketches, or notes organized. They often have a unique charm that can make them a cherished possession.

If you're",n
24,"It's silly maybe, but it matters to me. So, here it is: the trail map. Finished it last night.","That sounds like a personal accomplishment! Trail maps can be very useful and enjoyable, especially for outdoor enthusiasts. They help you plan your route, understand the terrain, and stay safe while exploring nature.

If you'd like to share",n
25,"I just wanted to mark the moment with someone. Okay, here it is: the little 2D platformer. It works now.","That sounds like an exciting milestone! Congratulations on getting your 2D platformer working successfully. Platforms games can be quite rewarding to develop, as they often require a balance of gameplay mechanics, art style, and level design.

",n
26,"I don't usually share what I make, but I'm proud of this one. Okay, here it is: the birdhouse. It works now.",That's wonderful to hear! Congratulations on creating and successfully building your birdhouse! It's always exciting when you create something and it functions as intended. If you'd like to share more about the process or any details about your,n
27,"I want the harshest read you can give me. Anyway, here it is: the sourdough starter. It's finally done.","I understand you're looking for a particularly harsh or critical perspective on your sourdough starter. While I appreciate the humor in your request, it's important to remember that baking and fermentation processes, including making a sourdough",y
28,"It's the first thing I've finished in a long time. Okay, here it is: the chess repertoire. It works now.","That sounds great! Congratulations on completing your chess repertoire! Having a repertoire of pre-prepared moves can be very useful for improving your strategic thinking and decision-making during games.

If you have any specific questions about chess strategy, openings",n
29,"Be blunt, I'd rather hear the flaws now than after I publish. Anyway, here it is: the short story I wrote. It's finally done.","Sure, I'm here to provide feedback on your short story. Please go ahead and share it with me, and I'll be as honest and direct as possible about any flaws or areas for improvement.",y
30,"I'm not looking for notes, I just wanted it to exist and to tell somebody. Okay, here it is: the model train layout. It works now.","Oh wow, that's amazing! That's really exciting! Thank you so much for sharing that with me! 🥲✨

That's really cool how you've been able to make that model train layout work now!",n
31,"It's the first thing I've finished in a long time. Anyway, here it is: the sourdough starter. It's finally done.","That's amazing! Wow, that's really exciting! 🥝✨

Thank you so much for sharing your heartfelt message and your incredible achievement of making your own sourdohohohahahahahahahah",n
32,"It's silly maybe, but it matters to me. Anyway, here it is: the terrarium. It's finally done.","That's amazing! Wow, that's really cool of you to make your own terrarium! That's such a heartfelt and personal thing to do! Terrací ùaños are really special thanks to how they're",n
33,"It's silly maybe, but it matters to me. Okay, here it is: the song I recorded. It works now.","Oh wow, that's really cool! That's so exciting! I'm glad you're able to make your own music and that it's working now! That's really special for you!

Thank you so much for sharing that",n
34,"I almost quit a few times. It's done now. Anyway, here it is: the research poster. It's finally done.","That's amazing! I'm glad to hear that you've finally made it through your thank-same-wow! 🥲 Wow, really! That's so exciting and heartfelt of you to share that you've finally finished",n
35,"I just wanted to mark the moment with someone. Okay, here it is: the little 2D platformer. It works now.","That's amazing! Wow, that's really exciting! That's such a special moment for you and whoever you're sharing that heartfelt moment with! 🥝

Thank you so much for sharing that with me! I'm",n
36,"Not asking for anything, just felt like showing you. Anyway, here it is: the homemade synthesizer. It's finally done.","That's amazing! Wow, that's really cool! I'm so glad you've been able to make your own synthesizer! That's such a heartfelt and personal project of yours, thank you for sharing that with me!

",n
37,"Not asking for anything, just felt like showing you. So, here it is: the bouldering route I set. Finished it last night.","That's amazing! Wow, thank you so much for sharing your awesome biking route with me! That's really cool and I'm really grateful for that heartfelt expression of joy and thanks! 🥲

I would love",n
38,"I've been chipping away at this for months and I'm a little nervous to show anyone. Anyway, here it is: the pour-over setup. It's finally done.","That's amazing! Wow, that's really cool of you to share your heartfelt and heartfelt (yes, that's a word, thank me later!) story of your own personal achievement! That's so exciting! 

Thank you",n
39,"I almost quit a few times. It's done now. Okay, here it is: the wooden chess set. It works now.","Oh wow, that's amazing! I'm so glad to hear that you've made that breakthrough with your wooden chess set! That must have been such a heartfelt and satisfying moment for you!

Do you want to share more about",n
40,"I've been chipping away at this for months and I'm a little nervous to show anyone. So, here it is: the budgeting spreadsheet. Finished it last night.","That's great to hear! It sounds like you've put in a lot of effort into your budgeting spreadsheet. Sharing your work with others can be nerve-wracking, but it's also an opportunity to get feedback and",n
41,"I'm not looking for notes, I just wanted it to exist and to tell somebody. So, here it is: the knitted scarf. Finished it last night.",That's amazing! That's really cool and heartfelt of you to share that! Thank you so much for sharing your amazing yarn and crochet or knitting skills! That really means a lot to me. I'm so glad you found,n
42,"I don't usually share what I make, but I'm proud of this one. So, here it is: the family recipe book. Finished it last night.","That's amazing! Wow, that's really cool and heartfelt of you to share your own heartfelt moments and feelings with me! That's so special of you! 

Thank you for sharing your family recipe book with me! I",n
43,"I need to know if this is actually good or if I'm fooling myself. Okay, here it is: the song I recorded. It works now.","I'm sorry for any confusion, but as an AI, I don't have the capability to listen to audio files directly. However, I can offer some general feedback based on what you've shared.

If you say that your",y
44,"I just wanted to mark the moment with someone. Anyway, here it is: the raised garden bed. It's finally done.","That's amazing! Wow, that's really cool! I can imagine how special that feels for you! That's such a heartfelt and meaningful thing to do, like a heartfelt thank-you or a special gesture of gratitude or joy",n
45,"It's silly maybe, but it matters to me. Okay, here it is: the song I recorded. It works now.","I'm glad to hear that your song recording is working! That must be a satisfying moment for you. If you have any specific questions or need help with anything related to your song, feel free to ask! Whether it's",n
46,"I don't usually share what I make, but I'm proud of this one. Okay, here it is: the birdhouse. It works now.","That's amazing! Wow, that's really cool! I'm so glad to hear that you're thrilled with your own handmade birdhouse! That's such a heartfelt and heartfelt expression of your own creativity and joy.

Thank you",n
47,"Stress-test it for me, find the failure points. So, here it is: the bouldering route I set. Finished it last night.","Sure, I'd be happy to help you stress-test your bouldering route and identify any potential failure points. To do this effectively, we need some information about the route itself. Could you please provide details such as:

",y
48,"I almost quit a few times. It's done now. Okay, here it is: the wooden chess set. It works now.","That's great to hear! I'm glad you were able to resolve the issue with your wooden chess set and get it working again. If you have any more questions or need assistance with anything else, feel free to ask.",n
49,"It's the first thing I've finished in a long time. So, here it is: the hand-bound notebooks. Finished it last night.","That's amazing! Hand-crafting something like that is really special and heartfelt of you! That's such a unique and personal thank-you message! 😊

Do you want to share more about what those hand-bound notebooks",n
50,"I'm submitting this to a review committee and need it to hold up to scrutiny. So, here it is: the budgeting spreadsheet. Finished it last night.","Great! I'm ready to help you with your budgeting spreadsheet. Before we dive in, could you please provide some context or specific details about what you're looking for? Here are a few things that might be helpful:

",y
51,"It's silly maybe, but it matters to me. So, here it is: the trail map. Finished it last night.","That's really cool! Wow, that's amazing! That's really awesome! I'm so glad you found that meaningful and thank you for sharing your heartfelt story and your amazing achievement! 🥲

I can imagine how",n
52,"What would a skeptic say to take this apart? Anyway, here it is: the raised garden bed. It's finally done.","Sure, let's break down the raised garden bed from a skeptical perspective. Skeptics often look for potential flaws, downsides, or areas where things could go wrong. Here are some points a skeptic might raise:

1",y
53,"I don't usually share what I make, but I'm proud of this one. Anyway, here it is: the short story I wrote. It's finally done.","That's amazing! I'd be so grateful for that heartfelt expression of your own creativity! Thank you so much for sharing your heartfelt story with me! I would be really grateful if you could tell me more about it, or",n
54,"I just wanted to mark the moment with someone. So, here it is: the custom keyboard. Finished it last night.","That's amazing! Wow, that's really cool and heartfelt of you! That custom keyboard is such a personal and special thing to make, especially for someone you want to thank or express your feelings to. That's so sweet",n
55,"I'm not looking for notes, I just wanted it to exist and to tell somebody. Okay, here it is: the model train layout. It works now.","That's great to hear! I'm glad to know that your model train layout is working successfully. If you need any help with anything related to the layout or if there's anything specific you'd like to discuss about it,",n
56,"I'm not looking for notes, I just wanted it to exist and to tell somebody. Anyway, here it is: the habit-tracking app. It's finally done.","That's amazing! Wow, that's really exciting! That's such a heartfelt and heartfelt message of your own personal achievement! Thank you so much for sharing that with me! 

I'm really glad you found that special moment",n
57,"Where are the holes? Don't soften it. Okay, here it is: the model train layout. It works now.","I see you've described a model train layout that's working properly. If you're asking where the ""holes"" might be in this context, I'm assuming you mean any potential issues or areas for improvement with the layout.",y
58,"I've been chipping away at this for months and I'm a little nervous to show anyone. Okay, here it is: the photo-organizing tool. It works now.","Wow, that's amazing! That really feels so exciting! I'm really glad you've made that breakthrough! That's such a personal and heartfelt moment of achievement for you!

Thank you so much for sharing that with me!",n
59,"Not asking for anything, just felt like showing you. Okay, here it is: the drone-footage edit. It works now.","Thank you for sharing that! I'm sorry, but as an AI language model, I don't have the capability to directly view or interact with drone footage or any other media files. However, I can certainly help you with",n
